,sex_of_casualty,age_of_casualty,casualty_severity
count,893483.0,893483.0,893483.0
mean,1.3946286610937197,37.31834629198317,2.8191381369315365
std,0.49509142231685443,18.851390912144954,0.4133331026337477
min,-1.0,0.0,1.0
25%,1.0,23.0,3.0
50%,1.0,34.0,3.0
75%,2.0,50.0,3.0
max,9.0,102.0,3.0
