,number_of_vehicles,number_of_casualties
count,10053.0,10053.0
mean,1.8010544116184224,1.3860539142544515
std,0.7025979888012583,0.9214430951039628
min,1.0,1.0
25%,1.0,1.0
50%,2.0,1.0
75%,2.0,1.0
max,9.0,20.0
