,number_of_vehicles,number_of_casualties
count,406651.0,406651.0
mean,1.8697138332378378,1.2772328114279812
std,0.598630160120883,0.6923740239937515
min,1.0,1.0
25%,2.0,1.0
50%,2.0,1.0
75%,2.0,1.0
max,16.0,58.0
