,sex_of_casualty,age_of_casualty,casualty_severity
count,397819.0,397819.0,397819.0
mean,1.391999879342113,37.184480882009154,2.7683594800650546
std,0.492947254431205,19.273255245711315,0.47848894184161356
min,-1.0,0.0,1.0
25%,1.0,22.0,3.0
50%,1.0,34.0,3.0
75%,2.0,50.0,3.0
max,9.0,100.0,3.0
