,sex_of_driver,age_of_driver,age_of_vehicle,engine_capacity_cc
count,545819.0,545819.0,545819.0,545819.0
mean,1.459469164686462,35.24808223971683,5.856589821900667,1483.5201046500763
std,0.6708122087506982,20.874875537700536,6.214704547932038,1789.301272217198
min,-1.0,-1.0,-1.0,-1.0
25%,1.0,23.0,0.0,124.0
50%,1.0,35.0,5.0,1397.0
75%,2.0,50.0,11.0,1968.0
max,3.0,101.0,96.0,99999.0
