,sex_of_driver,age_of_driver,age_of_vehicle,engine_capacity_cc
count,1288034.0,1288034.0,1288034.0,1288034.0
mean,1.4614474462630644,35.19867643245442,5.652866306324212,1376.4265547338036
std,0.6659926153320116,20.655681106414875,6.127061114351707,1589.1588321056715
min,-1.0,-1.0,-1.0,-1.0
25%,1.0,23.0,-1.0,-1.0
50%,1.0,34.0,4.0,1390.0
75%,2.0,50.0,10.0,1910.0
max,3.0,102.0,96.0,99999.0
